{"0": {"t2m": 296.90476481119794, "tql": 0.030116589818135277, "v10m": 0.4203953916827838, "u10m": 0.4203953916827838, "qv2m": 0.011047882635870742}, "1": {"t2m": 296.85702175564234, "tql": 0.03083289104850135, "v10m": 0.3829047621952163, "u10m": 0.3829047621952163, "qv2m": 0.011085128929052088}, "2": {"t2m": 296.77499050564234, "tql": 0.028944915470977623, "v10m": 0.3406192660331726, "u10m": 0.3406192660331726, "qv2m": 0.011006775312125683}, "3": {"t2m": 296.6425035264757, "tql": 0.02632072766492557, "v10m": 0.35614197452863056, "u10m": 0.35614197452863056, "qv2m": 0.01102702102313439}, "4": {"t2m": 296.680914984809, "tql": 0.02765037083817232, "v10m": 0.4575248907009761, "u10m": 0.4575248907009761, "qv2m": 0.01119543725831641}, "5": {"t2m": 296.693610297309, "tql": 0.029667054096029863, "v10m": 0.32326874136924744, "u10m": 0.32326874136924744, "qv2m": 0.011457446018337376}, "6": {"t2m": 296.394782172309, "tql": 0.030124677138196096, "v10m": 0.3251930417286025, "u10m": 0.3251930417286025, "qv2m": 0.011593516786686249}, "7": {"t2m": 296.37904866536456, "tql": 0.031085432403617434, "v10m": 0.7022060048249033, "u10m": 0.7022060048249033, "qv2m": 0.011721759491289655}, "8": {"t2m": 296.5238511827257, "tql": 0.029862029684914485, "v10m": 0.8889230721526675, "u10m": 0.8889230721526675, "qv2m": 0.011869578958592482}, "9": {"t2m": 296.863043891059, "tql": 0.03771621092326111, "v10m": 0.854537400106589, "u10m": 0.854537400106589, "qv2m": 0.01192683914107167}, "10": {"t2m": 297.02943929036456, "tql": 0.05125685946808921, "v10m": 0.7115440078907542, "u10m": 0.7115440078907542, "qv2m": 0.01195246916419516}, "11": {"t2m": 297.141852484809, "tql": 0.059544203182061516, "v10m": 0.6208187482423253, "u10m": 0.6208187482423253, "qv2m": 0.011960999225266278}, "12": {"t2m": 296.8000013563368, "tql": 0.042840083854066, "v10m": 0.2593630403280258, "u10m": 0.2593630403280258, "qv2m": 0.012035491734018756}, "13": {"t2m": 296.50730387369794, "tql": 0.03366653621196747, "v10m": 0.07193848159578112, "u10m": 0.07193848159578112, "qv2m": 0.01227444013218499}, "14": {"t2m": 296.730719672309, "tql": 0.041753944339385875, "v10m": 0.11911886682113011, "u10m": 0.11911886682113011, "qv2m": 0.012603563683417937}, "15": {"t2m": 297.3665703667535, "tql": 0.05201998104651769, "v10m": 0.1250954427652889, "u10m": 0.1250954427652889, "qv2m": 0.013008583828599917}, "16": {"t2m": 298.029547797309, "tql": 0.056217877918647394, "v10m": 0.11064039253526264, "u10m": 0.11064039253526264, "qv2m": 0.013355747744854953}, "17": {"t2m": 298.53204345703125, "tql": 0.05490897496606016, "v10m": 0.20034734904766083, "u10m": 0.20034734904766083, "qv2m": 0.013539250539098348}, "18": {"t2m": 298.81247965494794, "tql": 0.05427124434047275, "v10m": 0.20844637602567673, "u10m": 0.20844637602567673, "qv2m": 0.013542932885078093}, "19": {"t2m": 299.07110595703125, "tql": 0.05089528693093194, "v10m": 0.15748095429605907, "u10m": 0.15748095429605907, "qv2m": 0.013514084249941839}, "20": {"t2m": 298.957282172309, "tql": 0.0426989131503635, "v10m": 0.19696037554078633, "u10m": 0.19696037554078633, "qv2m": 0.013719706899589963}, "21": {"t2m": 298.72762722439234, "tql": 0.03573282890849643, "v10m": 0.3342537706096967, "u10m": 0.3342537706096967, "qv2m": 0.01387232126823316}, "22": {"t2m": 298.75193277994794, "tql": 0.0336981361421446, "v10m": 0.46869048559003407, "u10m": 0.46869048559003407, "qv2m": 0.014031611292416023}, "23": {"t2m": 298.86553955078125, "tql": 0.04200353703668548, "v10m": 0.669121627178457, "u10m": 0.669121627178457, "qv2m": 0.014048168151122}, "24": {"t2m": 299.0507066514757, "tql": 0.05137569057599952, "v10m": 0.7226729831761785, "u10m": 0.7226729831761785, "qv2m": 0.014180675912131038}, "25": {"t2m": 299.2581719292535, "tql": 0.053481816430576146, "v10m": 0.6256412300798628, "u10m": 0.6256412300798628, "qv2m": 0.014305713159653047}, "26": {"t2m": 299.11700439453125, "tql": 0.05727743046979109, "v10m": 0.46791327744722366, "u10m": 0.46791327744722366, "qv2m": 0.0144576652156603}, "27": {"t2m": 299.16615804036456, "tql": 0.05411531693405575, "v10m": 0.33829139090246624, "u10m": 0.33829139090246624, "qv2m": 0.014612213398019472}, "28": {"t2m": 299.135016547309, "tql": 0.049129169434309006, "v10m": 0.31117310871680576, "u10m": 0.31117310871680576, "qv2m": 0.014750045814758373}, "29": {"t2m": 299.38045925564234, "tql": 0.05705167187584771, "v10m": 0.11775969465573628, "u10m": 0.11775969465573628, "qv2m": 0.01487216908329477}, "30": {"t2m": 299.64076741536456, "tql": 0.0701001485188802, "v10m": -0.17195702509747612, "u10m": -0.17195702509747612, "qv2m": 0.01534360211290833}, "31": {"t2m": 299.9459974500868, "tql": 0.06879237625333998, "v10m": -0.4532750720779101, "u10m": -0.4532750720779101, "qv2m": 0.015662950528268185}, "32": {"t2m": 299.8792656792535, "tql": 0.0688277350531684, "v10m": -0.3192165270447731, "u10m": -0.3192165270447731, "qv2m": 0.015862135979760852}, "33": {"t2m": 299.927008734809, "tql": 0.07260358333587646, "v10m": -0.18760962701506084, "u10m": -0.18760962701506084, "qv2m": 0.01591641594293631}, "34": {"t2m": 299.86190456814234, "tql": 0.06771062693304783, "v10m": -0.28267214943965274, "u10m": -0.28267214943965274, "qv2m": 0.016329409865041573}, "35": {"t2m": 299.6093004014757, "tql": 0.06160108992642361, "v10m": -0.2330226790573862, "u10m": -0.2330226790573862, "qv2m": 0.016687567526888516}, "36": {"t2m": 299.5536363389757, "tql": 0.06400423968938819, "v10m": -0.09351042906443278, "u10m": -0.09351042906443278, "qv2m": 0.016825903168258566}, "37": {"t2m": 299.68210856119794, "tql": 0.06754261689234732, "v10m": 0.0238345323337449, "u10m": 0.0238345323337449, "qv2m": 0.017008955668037135}, "38": {"t2m": 299.85159640842016, "tql": 0.06529047987553188, "v10m": -0.02274323834313287, "u10m": -0.02274323834313287, "qv2m": 0.01710257472263442}, "39": {"t2m": 300.00307210286456, "tql": 0.07129684504535463, "v10m": -0.0626633001698388, "u10m": -0.0626633001698388, "qv2m": 0.016986491391435266}, "40": {"t2m": 299.94773356119794, "tql": 0.08588190625111262, "v10m": -0.05414084510670768, "u10m": -0.05414084510670768, "qv2m": 0.016944847600017156}, "41": {"t2m": 299.93308512369794, "tql": 0.08534638573312098, "v10m": -0.08346696694691975, "u10m": -0.08346696694691975, "qv2m": 0.017015896362459496}, "42": {"t2m": 299.9059583875868, "tql": 0.07808727357122633, "v10m": 0.0351487108402782, "u10m": 0.0351487108402782, "qv2m": 0.017067023902200162}, "43": {"t2m": 299.7155287000868, "tql": 0.07542290952470568, "v10m": 0.1497529223561287, "u10m": 0.1497529223561287, "qv2m": 0.017175742748400405}, "44": {"t2m": 299.5165269639757, "tql": 0.08198822869194879, "v10m": 0.24225154519081116, "u10m": 0.24225154519081116, "qv2m": 0.017278792504738603}, "45": {"t2m": 299.41561550564234, "tql": 0.09267679850260417, "v10m": 0.32583246462874943, "u10m": 0.32583246462874943, "qv2m": 0.017312541940352984}, "46": {"t2m": 299.5228203667535, "tql": 0.10652822918362087, "v10m": 0.31537966926892597, "u10m": 0.31537966926892597, "qv2m": 0.017387140542268753}, "47": {"t2m": 299.6273125542535, "tql": 0.1116530630323622, "v10m": 0.2440104434887568, "u10m": 0.2440104434887568, "qv2m": 0.017310846584021218}, "48": {"t2m": 299.89554172092016, "tql": 0.10458857483334011, "v10m": 0.12182945178614722, "u10m": 0.12182945178614722, "qv2m": 0.017106548378554482}, "49": {"t2m": 300.01381429036456, "tql": 0.09455601374308269, "v10m": -0.044153326087527804, "u10m": -0.044153326087527804, "qv2m": 0.016913588288136654}, "50": {"t2m": 299.98842366536456, "tql": 0.09603954686058892, "v10m": -0.22250865399837494, "u10m": -0.22250865399837494, "qv2m": 0.016776895021191902}, "51": {"t2m": 299.611579047309, "tql": 0.11355065637164646, "v10m": -0.3588968796862496, "u10m": -0.3588968796862496, "qv2m": 0.01693949642746399}, "52": {"t2m": 299.24222140842016, "tql": 0.11621640457047357, "v10m": -0.42487433718310463, "u10m": -0.42487433718310463, "qv2m": 0.017287534506370623}, "53": {"t2m": 298.99124484592016, "tql": 0.11717098951339722,